biome,char,strategy,n,effective,clear,timeout,error,rate,allRate,timeMedian,levelMedian
crypt,hunter,A,15,15,0,0,0,0,0,138.81666666670475,5
crypt,hunter,C,15,15,0,0,0,0,0,130.64166666671218,7
crypt,pyro,A,15,15,0,0,0,0,0,125.4916666667126,1
crypt,pyro,C,15,15,0,0,0,0,0,130.59166666671223,2
crypt,guardian,A,15,15,0,0,0,0,0,127.29166666671404,7
crypt,guardian,C,15,15,0,0,0,0,0,140.75833333336965,9
crypt,ranger,A,15,15,0,0,0,0,0,152.57500000002557,10
crypt,ranger,C,15,15,0,0,0,0,0,123.72500000004453,8
crypt,stormcaller,A,15,15,0,0,0,0,0,135.00000000004155,9
crypt,stormcaller,C,15,15,0,0,0,0,0,154.25833333335737,10
crypt,shadow,A,15,15,0,0,0,0,0,126.91666666671374,2
crypt,shadow,C,15,15,0,0,0,0,0,129.65000000004642,3
crypt,g_vanguard,A,15,15,0,0,0,0,0,184.12499999999687,6
crypt,g_vanguard,C,15,15,0,0,0,0,0,162.40833333334996,6
crypt,g_arcanist,A,15,15,0,0,0,0,0,120.6333333333754,6
crypt,g_arcanist,C,15,14,0,1,0,0,0,110.34166666670055,4.5
crypt,g_ranger,A,15,15,0,0,0,0,0,114.76666666670407,6
crypt,g_ranger,C,15,14,0,1,0,0,0,105.23750000002983,6
crypt,g_warden,A,15,15,0,0,0,0,0,109.73333333336673,3
crypt,g_warden,C,15,14,0,1,0,0,0,128.3583333333799,5
crypt,g_revenant,A,15,14,1,1,0,0.07142857142857142,0.06666666666666667,140.45833333336992,6
crypt,g_revenant,C,15,15,0,0,0,0,0,135.95833333337401,7
crypt,g_stormcaller,A,15,14,0,1,0,0,0,129.40000000004503,9
crypt,g_stormcaller,C,15,15,1,0,0,0.06666666666666667,0.06666666666666667,123.67500000004449,8
crypt,h4_paladin,A,15,15,1,0,0,0.06666666666666667,0.06666666666666667,173.8416666666729,7
crypt,h4_paladin,C,15,15,1,0,0,0.06666666666666667,0.06666666666666667,162.28333333335007,9
crypt,h4_chronomancer,A,15,15,1,0,0,0.06666666666666667,0.06666666666666667,91.11666666668525,6
crypt,h4_chronomancer,C,15,15,0,0,0,0,0,91.13333333335193,5
crypt,h4_puppeteer,A,15,15,0,0,0,0,0,103.2000000000282,4
crypt,h4_puppeteer,C,15,15,0,0,0,0,0,84.71666666668015,5
crypt,h4_gravekeeper,A,15,15,0,0,0,0,0,136.58333333337345,4
crypt,h4_gravekeeper,C,15,15,0,0,0,0,0,173.7833333333396,4
crypt,h4_starcaller,A,15,15,0,0,0,0,0,112.4583333333689,4
crypt,h4_starcaller,C,15,15,0,0,0,0,0,109.68333333336669,3
crypt,h4_bladedancer,A,15,15,0,0,0,0,0,99.56666666669197,3
crypt,h4_bladedancer,C,15,15,0,0,0,0,0,123.90833333337801,1
crypt,h2_duelist,A,15,15,0,0,0,0,0,127.09166666671388,3
crypt,h2_duelist,C,15,15,0,0,0,0,0,103.25000000002824,3
crypt,h2_warlock,A,15,15,0,0,0,0,0,129.70000000004637,6
crypt,h2_warlock,C,15,15,0,0,0,0,0,117.30000000003942,6
crypt,h2_trapper,A,15,15,0,0,0,0,0,128.8000000000472,9
crypt,h2_trapper,C,15,15,1,0,0,0.06666666666666667,0.06666666666666667,127.65000000004765,9
crypt,h2_voidcaller,A,15,15,1,0,0,0.06666666666666667,0.06666666666666667,124.20000000004491,9
crypt,h2_voidcaller,C,15,15,0,0,0,0,0,125.58333333337934,8
crypt,h2_warder,A,15,15,0,0,0,0,0,167.05833333334573,7
crypt,h2_warder,C,15,15,1,0,0,0.06666666666666667,0.06666666666666667,144.61666666669947,7
crypt,h3_spearmaiden,A,15,14,0,1,0,0,0,148.28750000002947,3
crypt,h3_spearmaiden,C,15,15,0,0,0,0,0,118.65000000004049,3
crypt,h3_plague,A,15,15,0,0,0,0,0,92.21666666668612,5
crypt,h3_plague,C,15,15,0,0,0,0,0,111.19166666670122,5
crypt,h3_beastfang,A,15,15,0,0,0,0,0,97.55833333335704,4
crypt,h3_beastfang,C,15,15,0,0,0,0,0,125.30833333337912,3
crypt,h3_dragoon,A,15,15,0,0,0,0,0,127.70833333338103,5
crypt,h3_dragoon,C,15,15,0,0,0,0,0,154.5916666666904,6
cavern,hunter,A,15,15,0,0,0,0,0,110.14166666670039,5
cavern,hunter,C,15,15,1,0,0,0.06666666666666667,0.06666666666666667,123.72500000004453,6
cavern,pyro,A,15,15,0,0,0,0,0,131.69166666671123,2
cavern,pyro,C,15,15,0,0,0,0,0,95.53333333335543,1
cavern,guardian,A,15,15,0,0,0,0,0,130.27500000004585,8
cavern,guardian,C,15,14,0,1,0,0,0,135.03333333337292,8.5
cavern,ranger,A,15,15,0,0,0,0,0,126.19166666671316,7
cavern,ranger,C,15,14,0,1,0,0,0,129.37916666671174,8.5
cavern,stormcaller,A,15,15,1,0,0,0.06666666666666667,0.06666666666666667,150.2250000000277,9
cavern,stormcaller,C,15,15,0,0,0,0,0,145.858333333365,10
cavern,shadow,A,15,15,0,0,0,0,0,145.883333333365,4
cavern,shadow,C,15,15,0,0,0,0,0,147.1166666666972,2
cavern,g_vanguard,A,15,15,2,0,0,0.13333333333333333,0.13333333333333333,205.233333333311,7
cavern,g_vanguard,C,15,15,1,0,0,0.06666666666666667,0.06666666666666667,165.76666666668024,8
cavern,g_arcanist,A,15,15,0,0,0,0,0,123.72500000004453,3
cavern,g_arcanist,C,15,15,0,0,0,0,0,98.90000000002478,3
cavern,g_ranger,A,15,15,1,0,0,0.06666666666666667,0.06666666666666667,129.8666666667129,5
cavern,g_ranger,C,15,15,1,0,0,0.06666666666666667,0.06666666666666667,113.6250000000365,7
cavern,g_warden,A,15,15,0,0,0,0,0,125.4083333333792,3
cavern,g_warden,C,15,15,0,0,0,0,0,156.9250000000216,3
cavern,g_revenant,A,15,15,3,0,0,0.2,0.2,156.40833333335542,10
cavern,g_revenant,C,15,13,0,2,0,0,0,173.45000000000658,10
cavern,g_stormcaller,A,15,15,1,0,0,0.06666666666666667,0.06666666666666667,130.30833333337915,7
cavern,g_stormcaller,C,15,15,1,0,0,0.06666666666666667,0.06666666666666667,137.45000000003932,9
cavern,h4_paladin,A,15,15,0,0,0,0,0,164.15000000001504,10
cavern,h4_paladin,C,15,15,0,0,0,0,0,173.75833333333964,10
cavern,h4_chronomancer,A,15,15,0,0,0,0,0,125.17500000004569,6
cavern,h4_chronomancer,C,15,15,0,0,0,0,0,127.83333333338113,8
cavern,h4_puppeteer,A,15,14,0,1,0,0,0,97.47500000002364,2.5
cavern,h4_puppeteer,C,15,15,0,0,0,0,0,94.43333333335455,3
cavern,h4_gravekeeper,A,15,14,0,1,0,0,0,153.6833333333579,3
cavern,h4_gravekeeper,C,15,15,1,0,0,0.06666666666666667,0.06666666666666667,148.89166666669558,5
cavern,h4_starcaller,A,15,15,0,0,0,0,0,132.300000000044,5
cavern,h4_starcaller,C,15,15,0,0,0,0,0,119.22500000004095,2
cavern,h4_bladedancer,A,15,15,0,0,0,0,0,121.72500000004294,2
cavern,h4_bladedancer,C,15,15,0,0,0,0,0,118.53333333337373,2
cavern,h2_duelist,A,15,15,0,0,0,0,0,126.81666666671366,2
cavern,h2_duelist,C,15,15,0,0,0,0,0,128.0583333333812,2
cavern,h2_warlock,A,15,15,0,0,0,0,0,134.30833333337551,7
cavern,h2_warlock,C,15,15,0,0,0,0,0,119.86666666670813,5
cavern,h2_trapper,A,15,15,0,0,0,0,0,135.68333333337426,10
cavern,h2_trapper,C,15,15,0,0,0,0,0,125.33333333337914,8
cavern,h2_voidcaller,A,15,15,0,0,0,0,0,115.36666666670455,7
cavern,h2_voidcaller,C,15,15,1,0,0,0.06666666666666667,0.06666666666666667,145.63333333336521,11
cavern,h2_warder,A,15,14,0,1,0,0,0,170.52083333334258,8.5
cavern,h2_warder,C,15,15,1,0,0,0.06666666666666667,0.06666666666666667,135.3416666667079,7
cavern,h3_spearmaiden,A,15,15,0,0,0,0,0,128.36666666671425,4
cavern,h3_spearmaiden,C,15,15,0,0,0,0,0,157.8250000000208,2
cavern,h3_plague,A,15,15,0,0,0,0,0,114.50000000003719,6
cavern,h3_plague,C,15,15,0,0,0,0,0,120.8000000000422,6
cavern,h3_beastfang,A,15,15,0,0,0,0,0,100.45000000002601,2
cavern,h3_beastfang,C,15,15,1,0,0,0.06666666666666667,0.06666666666666667,134.51666666670866,3
cavern,h3_dragoon,A,15,15,0,0,0,0,0,129.80000000004628,4
cavern,h3_dragoon,C,15,15,0,0,0,0,0,142.07500000003512,4
frost,hunter,A,15,15,0,0,0,0,0,125.46666666671258,6
frost,hunter,C,15,14,0,1,0,0,0,118.62083333337381,6.5
frost,pyro,A,15,15,0,0,0,0,0,133.13333333337658,2
frost,pyro,C,15,15,0,0,0,0,0,125.09166666671229,1
frost,guardian,A,15,15,0,0,0,0,0,127.75000000004773,6
frost,guardian,C,15,15,0,0,0,0,0,141.15000000003596,7
frost,ranger,A,15,14,0,1,0,0,0,134.9958333333749,8
frost,ranger,C,15,14,0,1,0,0,0,114.52083333337055,5
frost,stormcaller,A,15,14,0,1,0,0,0,123.62916666671111,7.5
frost,stormcaller,C,15,15,0,0,0,0,0,118.10000000004005,7
frost,shadow,A,15,15,0,0,0,0,0,125.158333333379,4
frost,shadow,C,15,15,0,0,0,0,0,132.43333333337722,2
frost,g_vanguard,A,15,12,0,3,0,0,0,174.4250000000057,5.5
frost,g_vanguard,C,15,13,0,2,0,0,0,177.71666666666937,7
frost,g_arcanist,A,15,15,0,0,0,0,0,149.158333333362,6
frost,g_arcanist,C,15,15,0,0,0,0,0,105.40000000002995,6
frost,g_ranger,A,15,14,0,1,0,0,0,115.18333333337107,6.5
frost,g_ranger,C,15,15,0,0,0,0,0,132.0750000000442,7
frost,g_warden,A,15,14,0,1,0,0,0,149.63333333336158,3.5
frost,g_warden,C,15,15,0,0,0,0,0,161.71666666668392,3
frost,g_revenant,A,15,15,0,0,0,0,0,197.37499999998482,13
frost,g_revenant,C,15,14,1,1,0,0.07142857142857142,0.06666666666666667,145.92916666669828,9
frost,g_stormcaller,A,15,15,0,0,0,0,0,114.50000000003719,7
frost,g_stormcaller,C,15,15,0,0,0,0,0,123.71666666671119,8
frost,h4_paladin,A,15,15,0,0,0,0,0,229.89166666662192,13
frost,h4_paladin,C,15,15,0,0,0,0,0,166.21666666667983,10
frost,h4_chronomancer,A,15,15,0,0,0,0,0,125.4500000000459,7
frost,h4_chronomancer,C,15,15,0,0,0,0,0,141.07500000003603,7
frost,h4_puppeteer,A,15,15,0,0,0,0,0,113.35833333336961,4
frost,h4_puppeteer,C,15,15,0,0,0,0,0,127.16666666671394,3
frost,h4_gravekeeper,A,15,15,0,0,0,0,0,170.58333333334252,6
frost,h4_gravekeeper,C,15,14,0,1,0,0,0,160.21250000001862,8.5
frost,h4_starcaller,A,15,15,1,0,0,0.06666666666666667,0.06666666666666667,130.25000000004587,4
frost,h4_starcaller,C,15,15,0,0,0,0,0,110.32500000003387,4
frost,h4_bladedancer,A,15,15,0,0,0,0,0,105.92500000003037,2
frost,h4_bladedancer,C,15,14,0,1,0,0,0,124.01250000004475,1
frost,h2_duelist,A,15,15,0,0,0,0,0,134.3000000000422,3
frost,h2_duelist,C,15,15,0,0,0,0,0,100.65000000002617,2
frost,h2_warlock,A,15,15,0,0,0,0,0,127.93333333338121,9
frost,h2_warlock,C,15,15,0,0,0,0,0,158.62500000002007,9
frost,h2_trapper,A,15,15,0,0,0,0,0,124.84166666671209,9
frost,h2_trapper,C,15,15,0,0,0,0,0,130.02500000004608,10
frost,h2_voidcaller,A,15,14,1,1,0,0.07142857142857142,0.06666666666666667,137.63750000003915,10
frost,h2_voidcaller,C,15,15,2,0,0,0.13333333333333333,0.13333333333333333,132.12500000004417,9
frost,h2_warder,A,15,15,0,0,0,0,0,144.2666666666998,7
frost,h2_warder,C,15,14,1,1,0,0.07142857142857142,0.06666666666666667,131.73333333337786,7
frost,h3_spearmaiden,A,15,15,0,0,0,0,0,118.77500000004059,2
frost,h3_spearmaiden,C,15,15,0,0,0,0,0,134.28333333337554,2
frost,h3_plague,A,15,15,0,0,0,0,0,113.0833333333694,6
frost,h3_plague,C,15,15,0,0,0,0,0,128.8000000000472,7
frost,h3_beastfang,A,15,15,0,0,0,0,0,124.36666666671171,3
frost,h3_beastfang,C,15,15,1,0,0,0.06666666666666667,0.06666666666666667,140.6166666667031,5
frost,h3_dragoon,A,15,15,0,0,0,0,0,197.15833333331835,8
frost,h3_dragoon,C,15,14,0,1,0,0,0,144.77500000003266,9
inferno,hunter,A,15,15,0,0,0,0,0,117.50000000003958,6
inferno,hunter,C,15,15,0,0,0,0,0,134.49166666670868,8
inferno,pyro,A,15,15,0,0,0,0,0,132.00000000004428,1
inferno,pyro,C,15,15,0,0,0,0,0,88.70000000001666,1
inferno,guardian,A,15,15,1,0,0,0.06666666666666667,0.06666666666666667,134.05833333337574,9
inferno,guardian,C,15,14,0,1,0,0,0,151.63333333335976,8
inferno,ranger,A,15,14,0,1,0,0,0,91.50416666668556,4.5
inferno,ranger,C,15,15,2,0,0,0.13333333333333333,0.13333333333333333,131.59166666671132,9
inferno,stormcaller,A,15,15,0,0,0,0,0,126.25000000004654,7
inferno,stormcaller,C,15,15,0,0,0,0,0,134.6916666667085,8
inferno,shadow,A,15,15,0,0,0,0,0,143.3666666667006,2
inferno,shadow,C,15,15,0,0,0,0,0,123.70000000004451,4
inferno,g_vanguard,A,15,15,0,0,0,0,0,182.62499999999824,5
inferno,g_vanguard,C,15,13,1,2,0,0.07692307692307693,0.06666666666666667,203.3249999999794,8
inferno,g_arcanist,A,15,15,0,0,0,0,0,116.39166666670536,6
inferno,g_arcanist,C,15,15,0,0,0,0,0,122.27500000004338,6
inferno,g_ranger,A,15,15,0,0,0,0,0,124.95833333337885,7
inferno,g_ranger,C,15,15,0,0,0,0,0,115.14166666670437,5
inferno,g_warden,A,15,15,0,0,0,0,0,123.32500000004421,4
inferno,g_warden,C,15,15,0,0,0,0,0,174.34166666667244,4
inferno,g_revenant,A,15,15,0,0,0,0,0,131.46666666671143,8
inferno,g_revenant,C,15,14,2,1,0,0.14285714285714285,0.13333333333333333,145.23333333336558,7
inferno,g_stormcaller,A,15,15,0,0,0,0,0,133.31666666670975,9
inferno,g_stormcaller,C,15,15,0,0,0,0,0,94.84166666668821,5
inferno,h4_paladin,A,15,15,3,0,0,0.2,0.2,230.23333333328827,14
inferno,h4_paladin,C,15,15,0,0,0,0,0,169.7666666666766,10
inferno,h4_chronomancer,A,15,15,0,0,0,0,0,110.94166666670102,7
inferno,h4_chronomancer,C,15,15,0,0,0,0,0,111.73333333336832,5
inferno,h4_puppeteer,A,15,15,0,0,0,0,0,123.72500000004453,3
inferno,h4_puppeteer,C,15,15,0,0,0,0,0,112.10833333336862,4
inferno,h4_gravekeeper,A,15,15,0,0,0,0,0,132.77500000004358,2
inferno,h4_gravekeeper,C,15,15,0,0,0,0,0,139.68333333337063,3
inferno,h4_starcaller,A,15,15,0,0,0,0,0,126.66666666671354,7
inferno,h4_starcaller,C,15,15,0,0,0,0,0,130.45833333337902,4
inferno,h4_bladedancer,A,15,15,0,0,0,0,0,95.30000000002191,2
inferno,h4_bladedancer,C,15,15,0,0,0,0,0,84.56666666668004,2
inferno,h2_duelist,A,15,15,0,0,0,0,0,113.72500000003657,1
inferno,h2_duelist,C,15,15,0,0,0,0,0,113.94166666670341,2
inferno,h2_warlock,A,15,15,0,0,0,0,0,132.58333333337708,8
inferno,h2_warlock,C,15,15,0,0,0,0,0,119.05000000004081,5
inferno,h2_trapper,A,15,15,0,0,0,0,0,79.39166666667592,5
inferno,h2_trapper,C,15,15,0,0,0,0,0,121.81666666670968,9
inferno,h2_voidcaller,A,15,15,1,0,0,0.06666666666666667,0.06666666666666667,151.28333333336008,11
inferno,h2_voidcaller,C,15,15,3,0,0,0.2,0.2,150.50000000002746,10
inferno,h2_warder,A,15,15,0,0,0,0,0,133.18333333337654,6
inferno,h2_warder,C,15,15,1,0,0,0.06666666666666667,0.06666666666666667,129.16666666671352,8
inferno,h3_spearmaiden,A,15,15,0,0,0,0,0,131.90000000004437,2
inferno,h3_spearmaiden,C,15,15,0,0,0,0,0,128.6083333333807,2
inferno,h3_plague,A,15,15,0,0,0,0,0,115.87500000003828,6
inferno,h3_plague,C,15,15,0,0,0,0,0,127.7000000000477,7
inferno,h3_beastfang,A,15,15,0,0,0,0,0,114.39166666670377,3
inferno,h3_beastfang,C,15,15,0,0,0,0,0,130.16666666671262,3
inferno,h3_dragoon,A,15,15,0,0,0,0,0,165.80833333334687,5
inferno,h3_dragoon,C,15,15,0,0,0,0,0,125.9083333333796,5
void,hunter,A,15,15,0,0,0,0,0,131.6833333333779,6
void,hunter,C,15,15,0,0,0,0,0,122.28333333337672,6
void,pyro,A,15,15,0,0,0,0,0,117.53333333337294,1
void,pyro,C,15,15,0,0,0,0,0,97.58333333335706,2
void,guardian,A,15,15,0,0,0,0,0,138.40000000003846,9
void,guardian,C,15,15,0,0,0,0,0,139.75000000003723,8
void,ranger,A,15,14,0,1,0,0,0,119.36666666670773,6
void,ranger,C,15,15,0,0,0,0,0,137.75833333337238,9
void,stormcaller,A,15,15,1,0,0,0.06666666666666667,0.06666666666666667,124.73333333337867,8
void,stormcaller,C,15,15,0,0,0,0,0,138.9333333333713,9
void,shadow,A,15,15,0,0,0,0,0,134.23333333337558,3
void,shadow,C,15,14,0,1,0,0,0,131.04166666671182,4.5
void,g_vanguard,A,15,15,0,0,0,0,0,200.9249999999816,8
void,g_vanguard,C,15,15,0,0,0,0,0,191.89166666665648,9
void,g_arcanist,A,15,15,0,0,0,0,0,71.88333333333661,2
void,g_arcanist,C,15,15,0,0,0,0,0,127.0333333333805,8
void,g_ranger,A,15,15,2,0,0,0.13333333333333333,0.13333333333333333,89.1666666666837,5
void,g_ranger,C,15,15,1,0,0,0.06666666666666667,0.06666666666666667,130.88333333337863,8
void,g_warden,A,15,15,0,0,0,0,0,131.3583333333782,3
void,g_warden,C,15,15,0,0,0,0,0,120.65833333337542,2
void,g_revenant,A,15,15,2,0,0,0.13333333333333333,0.13333333333333333,141.60833333336888,9
void,g_revenant,C,15,14,0,1,0,0,0,145.00000000003246,7
void,g_stormcaller,A,15,15,0,0,0,0,0,126.05000000004638,7
void,g_stormcaller,C,15,15,0,0,0,0,0,121.3000000000426,7
void,h4_paladin,A,15,15,0,0,0,0,0,138.34166666670518,9
void,h4_paladin,C,15,15,0,0,0,0,0,192.49166666665593,13
void,h4_chronomancer,A,15,15,0,0,0,0,0,84.06666666667964,4
void,h4_chronomancer,C,15,15,0,0,0,0,0,117.8583333333732,7
void,h4_puppeteer,A,15,15,0,0,0,0,0,105.48333333336335,4
void,h4_puppeteer,C,15,15,0,0,0,0,0,92.55000000001972,4
void,h4_gravekeeper,A,15,15,0,0,0,0,0,144.42500000003298,4
void,h4_gravekeeper,C,15,15,0,0,0,0,0,130.2583333333792,4
void,h4_starcaller,A,15,15,0,0,0,0,0,106.45833333336412,3
void,h4_starcaller,C,15,15,0,0,0,0,0,114.52500000003721,4
void,h4_bladedancer,A,15,15,0,0,0,0,0,112.6666666667024,3
void,h4_bladedancer,C,15,15,0,0,0,0,0,119.76666666670805,2
void,h2_duelist,A,15,15,0,0,0,0,0,110.94166666670102,2
void,h2_duelist,C,15,15,0,0,0,0,0,135.54166666670773,3
void,h2_warlock,A,15,15,0,0,0,0,0,130.0333333333794,8
void,h2_warlock,C,15,15,0,0,0,0,0,128.23333333338104,7
void,h2_trapper,A,15,15,0,0,0,0,0,119.12500000004087,8
void,h2_trapper,C,15,15,0,0,0,0,0,133.68333333337608,9
void,h2_voidcaller,A,15,15,0,0,0,0,0,143.05833333336756,10
void,h2_voidcaller,C,15,15,0,0,0,0,0,126.35000000004662,8
void,h2_warder,A,15,15,0,0,0,0,0,155.18333333335653,6
void,h2_warder,C,15,15,1,0,0,0.06666666666666667,0.06666666666666667,138.50000000003837,10
void,h3_spearmaiden,A,15,15,0,0,0,0,0,125.95833333337964,2
void,h3_spearmaiden,C,15,15,0,0,0,0,0,107.40833333336488,2
void,h3_plague,A,15,15,0,0,0,0,0,118.441666666707,5
void,h3_plague,C,15,15,0,0,0,0,0,129.30000000004674,7
void,h3_beastfang,A,15,15,0,0,0,0,0,124.40000000004507,3
void,h3_beastfang,C,15,15,0,0,0,0,0,80.40833333334339,2
void,h3_dragoon,A,15,15,0,0,0,0,0,140.50000000003655,5
void,h3_dragoon,C,15,15,0,0,0,0,0,169.90833333334314,6
verdant,hunter,A,15,15,0,0,0,0,0,137.3416666667061,8
verdant,hunter,C,15,15,0,0,0,0,0,118.69166666670719,6
verdant,pyro,A,15,15,0,0,0,0,0,121.85000000004304,1
verdant,pyro,C,15,15,0,0,0,0,0,118.12500000004007,1
verdant,guardian,A,15,15,0,0,0,0,0,140.1583333333702,8
verdant,guardian,C,15,15,0,0,0,0,0,142.53333333336803,8
verdant,ranger,A,15,15,3,0,0,0.2,0.2,155.94166666668917,8
verdant,ranger,C,15,15,1,0,0,0.06666666666666667,0.06666666666666667,147.59166666669677,10
verdant,stormcaller,A,15,15,0,0,0,0,0,151.35833333336,12
verdant,stormcaller,C,15,15,0,0,0,0,0,156.22500000002225,12
verdant,shadow,A,15,15,0,0,0,0,0,97.1750000000234,2
verdant,shadow,C,15,15,0,0,0,0,0,131.95833333337765,4
verdant,g_vanguard,A,15,15,2,0,0,0.13333333333333333,0.13333333333333333,206.30833333331003,7
verdant,g_vanguard,C,15,15,1,0,0,0.06666666666666667,0.06666666666666667,282.949999999907,8
verdant,g_arcanist,A,15,15,0,0,0,0,0,124.34166666671169,6
verdant,g_arcanist,C,15,15,0,0,0,0,0,112.7916666667025,5
verdant,g_ranger,A,15,15,2,0,0,0.13333333333333333,0.13333333333333333,132.1000000000442,8
verdant,g_ranger,C,15,15,1,0,0,0.06666666666666667,0.06666666666666667,118.1500000000401,7
verdant,g_warden,A,15,15,0,0,0,0,0,128.37500000004758,3
verdant,g_warden,C,15,15,0,0,0,0,0,134.4666666667087,3
verdant,g_revenant,A,15,15,1,0,0,0.06666666666666667,0.06666666666666667,139.8000000000372,10
verdant,g_revenant,C,15,14,5,1,0,0.35714285714285715,0.3333333333333333,377.8083333331541,19
verdant,g_stormcaller,A,15,14,0,1,0,0,0,131.44166666671146,8.5
verdant,g_stormcaller,C,15,15,0,0,0,0,0,134.6250000000419,10
verdant,h4_paladin,A,15,14,1,1,0,0.07142857142857142,0.06666666666666667,179.33750000000123,12
verdant,h4_paladin,C,15,15,0,0,0,0,0,186.76666666666114,11
verdant,h4_chronomancer,A,15,15,1,0,0,0.06666666666666667,0.06666666666666667,99.65833333335871,6
verdant,h4_chronomancer,C,15,15,0,0,0,0,0,139.78333333337054,10
verdant,h4_puppeteer,A,15,15,0,0,0,0,0,125.05833333337893,5
verdant,h4_puppeteer,C,15,15,2,0,0,0.13333333333333333,0.13333333333333333,111.10000000003448,5
verdant,h4_gravekeeper,A,15,15,0,0,0,0,0,144.35833333336637,3
verdant,h4_gravekeeper,C,15,14,0,1,0,0,0,132.7708333333739,4.5
verdant,h4_starcaller,A,15,15,0,0,0,0,0,125.10000000004563,5
verdant,h4_starcaller,C,15,15,0,0,0,0,0,95.90000000002239,5
verdant,h4_bladedancer,A,15,15,0,0,0,0,0,91.19166666668531,2
verdant,h4_bladedancer,C,15,15,0,0,0,0,0,102.1583333333607,1
verdant,h2_duelist,A,15,15,1,0,0,0.06666666666666667,0.06666666666666667,88.88333333335014,2
verdant,h2_duelist,C,15,15,0,0,0,0,0,110.24166666670047,5
verdant,h2_warlock,A,15,15,1,0,0,0.06666666666666667,0.06666666666666667,113.73333333336991,6
verdant,h2_warlock,C,15,15,0,0,0,0,0,124.36666666671171,7
verdant,h2_trapper,A,15,15,0,0,0,0,0,148.00833333336305,11
verdant,h2_trapper,C,15,15,0,0,0,0,0,137.9916666667055,11
verdant,h2_voidcaller,A,15,15,2,0,0,0.13333333333333333,0.13333333333333333,135.93333333337404,10
verdant,h2_voidcaller,C,15,15,2,0,0,0.13333333333333333,0.13333333333333333,147.00833333336396,11
verdant,h2_warder,A,15,15,0,0,0,0,0,164.6833333333479,10
verdant,h2_warder,C,15,14,0,1,0,0,0,146.64166666669763,8
verdant,h3_spearmaiden,A,15,15,0,0,0,0,0,180.94999999999976,2
verdant,h3_spearmaiden,C,15,15,0,0,0,0,0,102.50000000002764,3
verdant,h3_plague,A,15,15,0,0,0,0,0,129.52500000004653,5
verdant,h3_plague,C,15,15,0,0,0,0,0,121.800000000043,7
verdant,h3_beastfang,A,15,15,1,0,0,0.06666666666666667,0.06666666666666667,141.50000000003564,3
verdant,h3_beastfang,C,15,15,1,0,0,0.06666666666666667,0.06666666666666667,107.49166666669828,2
verdant,h3_dragoon,A,15,15,1,0,0,0.06666666666666667,0.06666666666666667,152.07500000002602,8
verdant,h3_dragoon,C,15,15,0,0,0,0,0,167.86666666667833,11
desert,hunter,A,15,14,1,1,0,0.07142857142857142,0.06666666666666667,124.42916666671175,6.5
desert,hunter,C,15,14,0,1,0,0,0,138.28750000003856,6.5
desert,pyro,A,15,15,0,0,0,0,0,115.02500000003761,1
desert,pyro,C,15,15,0,0,0,0,0,120.86666666670892,2
desert,guardian,A,15,15,0,0,0,0,0,146.1416666666981,8
desert,guardian,C,15,15,0,0,0,0,0,129.61666666671312,7
desert,ranger,A,15,15,0,0,0,0,0,107.3500000000315,5
desert,ranger,C,15,15,0,0,0,0,0,121.65000000004288,7
desert,stormcaller,A,15,15,0,0,0,0,0,133.4916666667096,9
desert,stormcaller,C,15,15,0,0,0,0,0,122.2583333333767,8
desert,shadow,A,15,15,0,0,0,0,0,138.3166666667052,2
desert,shadow,C,15,15,1,0,0,0.06666666666666667,0.06666666666666667,103.46666666669508,2
desert,g_vanguard,A,15,15,0,0,0,0,0,169.04166666667726,5
desert,g_vanguard,C,15,15,0,0,0,0,0,176.21666666667073,7
desert,g_arcanist,A,15,15,0,0,0,0,0,85.53333333334747,3
desert,g_arcanist,C,15,14,0,1,0,0,0,121.19583333337584,4
desert,g_ranger,A,15,14,0,1,0,0,0,113.02083333336935,7
desert,g_ranger,C,15,15,0,0,0,0,0,95.50833333335541,6
desert,g_warden,A,15,15,0,0,0,0,0,118.76666666670725,3
desert,g_warden,C,15,15,0,0,0,0,0,140.65833333336974,4
desert,g_revenant,A,15,15,1,0,0,0.06666666666666667,0.06666666666666667,141.56666666670225,5
desert,g_revenant,C,15,15,1,0,0,0.06666666666666667,0.06666666666666667,154.53333333335712,10
desert,g_stormcaller,A,15,15,0,0,0,0,0,126.97500000004712,8
desert,g_stormcaller,C,15,15,0,0,0,0,0,135.54166666670773,9
desert,h4_paladin,A,15,14,0,1,0,0,0,160.23333333335194,8.5
desert,h4_paladin,C,15,15,0,0,0,0,0,195.39999999998662,11
desert,h4_chronomancer,A,15,15,0,0,0,0,0,88.80833333335008,5
desert,h4_chronomancer,C,15,15,1,0,0,0.06666666666666667,0.06666666666666667,95.93333333335575,5
desert,h4_puppeteer,A,15,15,1,0,0,0.06666666666666667,0.06666666666666667,116.35000000003866,6
desert,h4_puppeteer,C,15,15,1,0,0,0.06666666666666667,0.06666666666666667,122.39166666671014,4
desert,h4_gravekeeper,A,15,15,0,0,0,0,0,131.8083333333778,4
desert,h4_gravekeeper,C,15,15,0,0,0,0,0,136.57500000004012,4
desert,h4_starcaller,A,15,15,0,0,0,0,0,137.03333333337304,6
desert,h4_starcaller,C,15,15,0,0,0,0,0,106.3500000000307,4
desert,h4_bladedancer,A,15,15,1,0,0,0.06666666666666667,0.06666666666666667,166.63333333334612,2
desert,h4_bladedancer,C,15,15,0,0,0,0,0,96.1333333333559,3
desert,h2_duelist,A,15,15,0,0,0,0,0,117.15833333337264,1
desert,h2_duelist,C,15,15,0,0,0,0,0,100.14166666669243,2
desert,h2_warlock,A,15,15,0,0,0,0,0,136.90833333337315,5
desert,h2_warlock,C,15,15,0,0,0,0,0,105.19166666669645,6
desert,h2_trapper,A,15,15,0,0,0,0,0,133.60833333337615,9
desert,h2_trapper,C,15,15,0,0,0,0,0,93.07500000002014,6
desert,h2_voidcaller,A,15,15,0,0,0,0,0,112.19166666670202,8
desert,h2_voidcaller,C,15,15,0,0,0,0,0,77.88333333334138,6
desert,h2_warder,A,15,15,0,0,0,0,0,129.6416666667131,7
desert,h2_warder,C,15,15,0,0,0,0,0,128.10833333338115,6
desert,h3_spearmaiden,A,15,15,0,0,0,0,0,129.13333333338022,2
desert,h3_spearmaiden,C,15,15,0,0,0,0,0,92.67500000001982,2
desert,h3_plague,A,15,15,0,0,0,0,0,121.33333333337596,4
desert,h3_plague,C,15,15,0,0,0,0,0,129.8083333333796,6
desert,h3_beastfang,A,15,15,0,0,0,0,0,126.80000000004698,4
desert,h3_beastfang,C,15,15,0,0,0,0,0,99.40000000002517,2
desert,h3_dragoon,A,15,15,0,0,0,0,0,126.2833333333799,4
desert,h3_dragoon,C,15,15,0,0,0,0,0,139.84166666670382,7
swamp,hunter,A,15,15,0,0,0,0,0,122.70833333337706,6
swamp,hunter,C,15,15,0,0,0,0,0,130.21666666671257,5
swamp,pyro,A,15,15,0,0,0,0,0,86.47500000001489,1
swamp,pyro,C,15,15,0,0,0,0,0,92.6083333333531,1
swamp,guardian,A,15,14,0,1,0,0,0,148.2041666666962,9.5
swamp,guardian,C,15,15,1,0,0,0.06666666666666667,0.06666666666666667,175.56666666667132,10
swamp,ranger,A,15,15,0,0,0,0,0,131.27500000004494,8
swamp,ranger,C,15,15,0,0,0,0,0,124.13333333337819,9
swamp,stormcaller,A,15,15,1,0,0,0.06666666666666667,0.06666666666666667,127.47500000004752,8
swamp,stormcaller,C,15,15,2,0,0,0.13333333333333333,0.13333333333333333,152.85000000002532,10
swamp,shadow,A,15,15,0,0,0,0,0,127.33333333338074,4
swamp,shadow,C,15,15,0,0,0,0,0,125.63333333337938,4
swamp,g_vanguard,A,15,15,0,0,0,0,0,200.14166666664897,8
swamp,g_vanguard,C,15,15,0,0,0,0,0,173.05833333334027,6
swamp,g_arcanist,A,15,15,0,0,0,0,0,93.0250000000201,5
swamp,g_arcanist,C,15,15,1,0,0,0.06666666666666667,0.06666666666666667,132.73333333337695,9
swamp,g_ranger,A,15,15,2,0,0,0.13333333333333333,0.13333333333333333,127.4916666667142,6
swamp,g_ranger,C,15,15,0,0,0,0,0,101.700000000027,6
swamp,g_warden,A,15,15,0,0,0,0,0,154.28333333335735,3
swamp,g_warden,C,15,15,0,0,0,0,0,135.07500000004148,4
swamp,g_revenant,A,15,14,2,1,0,0.14285714285714285,0.13333333333333333,169.65000000001004,12
swamp,g_revenant,C,15,14,1,1,0,0.07142857142857142,0.06666666666666667,364.6249999998327,19.5
swamp,g_stormcaller,A,15,15,0,0,0,0,0,130.483333333379,8
swamp,g_stormcaller,C,15,15,0,0,0,0,0,129.28333333338009,8
swamp,h4_paladin,A,15,14,1,1,0,0.07142857142857142,0.06666666666666667,155.4208333333563,11
swamp,h4_paladin,C,15,15,3,0,0,0.2,0.2,158.38333333335362,12
swamp,h4_chronomancer,A,15,15,0,0,0,0,0,145.02500000003243,4
swamp,h4_chronomancer,C,15,15,0,0,0,0,0,107.78333333336518,6
swamp,h4_puppeteer,A,15,15,0,0,0,0,0,99.40833333335851,3
swamp,h4_puppeteer,C,15,15,1,0,0,0.06666666666666667,0.06666666666666667,122.44166666671018,4
swamp,h4_gravekeeper,A,15,15,1,0,0,0.06666666666666667,0.06666666666666667,177.1083333333366,3
swamp,h4_gravekeeper,C,15,15,0,0,0,0,0,132.9083333333768,4
swamp,h4_starcaller,A,15,15,0,0,0,0,0,118.94166666670739,6
swamp,h4_starcaller,C,15,15,0,0,0,0,0,111.32500000003466,3
swamp,h4_bladedancer,A,15,15,0,0,0,0,0,140.95000000003614,2
swamp,h4_bladedancer,C,15,15,0,0,0,0,0,107.66666666669842,3
swamp,h2_duelist,A,15,14,0,1,0,0,0,120.52916666670865,4
swamp,h2_duelist,C,15,15,0,0,0,0,0,138.13333333337204,3
swamp,h2_warlock,A,15,15,0,0,0,0,0,127.3250000000474,7
swamp,h2_warlock,C,15,15,0,0,0,0,0,115.95833333337168,6
swamp,h2_trapper,A,15,15,0,0,0,0,0,130.99166666671186,9
swamp,h2_trapper,C,15,15,0,0,0,0,0,126.46666666671338,8
swamp,h2_voidcaller,A,15,15,2,0,0,0.13333333333333333,0.13333333333333333,111.2916666667013,8
swamp,h2_voidcaller,C,15,15,1,0,0,0.06666666666666667,0.06666666666666667,109.52500000003323,7
swamp,h2_warder,A,15,15,1,0,0,0.06666666666666667,0.06666666666666667,151.18333333336017,8
swamp,h2_warder,C,15,15,0,0,0,0,0,136.68333333337335,8
swamp,h3_spearmaiden,A,15,15,0,0,0,0,0,124.7833333333787,2
swamp,h3_spearmaiden,C,15,15,0,0,0,0,0,129.69166666671305,2
swamp,h3_plague,A,15,15,0,0,0,0,0,115.9000000000383,8
swamp,h3_plague,C,15,15,0,0,0,0,0,95.67500000002221,4
swamp,h3_beastfang,A,15,15,0,0,0,0,0,121.00000000004236,4
swamp,h3_beastfang,C,15,15,1,0,0,0.06666666666666667,0.06666666666666667,115.71666666670482,2
swamp,h3_dragoon,A,15,15,0,0,0,0,0,142.15000000003505,8
swamp,h3_dragoon,C,15,15,1,0,0,0.06666666666666667,0.06666666666666667,133.05833333337665,7
abyss,hunter,A,15,15,0,0,0,0,0,128.283333333381,5
abyss,hunter,C,15,15,0,0,0,0,0,117.78333333337314,5
abyss,pyro,A,15,15,0,0,0,0,0,119.23333333337429,1
abyss,pyro,C,15,15,0,0,0,0,0,127.84166666671447,1
abyss,guardian,A,15,15,1,0,0,0.06666666666666667,0.06666666666666667,142.72500000003453,9
abyss,guardian,C,15,15,1,0,0,0.06666666666666667,0.06666666666666667,154.47500000002384,8
abyss,ranger,A,15,15,1,0,0,0.06666666666666667,0.06666666666666667,124.75000000004535,6
abyss,ranger,C,15,15,1,0,0,0.06666666666666667,0.06666666666666667,129.05000000004696,6
abyss,stormcaller,A,15,15,0,0,0,0,0,132.4250000000439,8
abyss,stormcaller,C,15,15,0,0,0,0,0,131.01666666671184,9
abyss,shadow,A,15,15,0,0,0,0,0,122.85000000004383,1
abyss,shadow,C,15,15,0,0,0,0,0,116.67500000003892,3
abyss,g_vanguard,A,15,15,0,0,0,0,0,182.64999999999822,6
abyss,g_vanguard,C,15,15,0,0,0,0,0,175.45000000000476,9
abyss,g_arcanist,A,15,15,0,0,0,0,0,113.61666666670315,5
abyss,g_arcanist,C,15,15,0,0,0,0,0,111.24166666670126,5
abyss,g_ranger,A,15,15,1,0,0,0.06666666666666667,0.06666666666666667,127.80000000004777,7
abyss,g_ranger,C,15,14,1,1,0,0.07142857142857142,0.06666666666666667,122.16666666670996,5.5
abyss,g_warden,A,15,15,0,0,0,0,0,134.29166666670886,2
abyss,g_warden,C,15,15,0,0,0,0,0,170.30000000000945,1
abyss,g_revenant,A,15,14,0,1,0,0,0,155.66666666668942,7.5
abyss,g_revenant,C,15,15,1,0,0,0.06666666666666667,0.06666666666666667,126.50833333338008,6
abyss,g_stormcaller,A,15,15,0,0,0,0,0,135.0833333333748,9
abyss,g_stormcaller,C,15,14,0,1,0,0,0,124.73333333337867,7.5
abyss,h4_paladin,A,15,13,0,2,0,0,0,150.87500000002711,11
abyss,h4_paladin,C,15,15,0,0,0,0,0,222.63333333329518,10
abyss,h4_chronomancer,A,15,15,0,0,0,0,0,136.17500000004048,8
abyss,h4_chronomancer,C,15,15,0,0,0,0,0,119.06666666670749,6
abyss,h4_puppeteer,A,15,15,1,0,0,0.06666666666666667,0.06666666666666667,115.9833333333717,3
abyss,h4_puppeteer,C,15,15,0,0,0,0,0,110.35000000003389,3
abyss,h4_gravekeeper,A,15,15,0,0,0,0,0,167.2416666666789,2
abyss,h4_gravekeeper,C,15,15,0,0,0,0,0,132.47500000004385,3
abyss,h4_starcaller,A,15,15,0,0,0,0,0,121.9250000000431,4
abyss,h4_starcaller,C,15,15,0,0,0,0,0,114.49166666670385,4
abyss,h4_bladedancer,A,15,15,0,0,0,0,0,117.03333333337254,2
abyss,h4_bladedancer,C,15,15,0,0,0,0,0,100.75000000002625,2
abyss,h2_duelist,A,15,15,0,0,0,0,0,128.99166666671368,2
abyss,h2_duelist,C,15,15,0,0,0,0,0,107.44166666669824,2
abyss,h2_warlock,A,15,15,0,0,0,0,0,139.87500000003712,9
abyss,h2_warlock,C,15,15,0,0,0,0,0,99.53333333335861,7
abyss,h2_trapper,A,15,15,0,0,0,0,0,101.70833333336034,6
abyss,h2_trapper,C,15,15,0,0,0,0,0,125.8250000000462,8
abyss,h2_voidcaller,A,15,15,2,0,0,0.13333333333333333,0.13333333333333333,135.0833333333748,11
abyss,h2_voidcaller,C,15,15,0,0,0,0,0,119.9666666667082,8
abyss,h2_warder,A,15,13,0,2,0,0,0,134.6250000000419,4
abyss,h2_warder,C,15,15,1,0,0,0.06666666666666667,0.06666666666666667,149.71666666669483,5
abyss,h3_spearmaiden,A,15,15,0,0,0,0,0,131.24166666671164,2
abyss,h3_spearmaiden,C,15,15,0,0,0,0,0,134.38333333337545,3
abyss,h3_plague,A,15,15,0,0,0,0,0,118.92500000004071,6
abyss,h3_plague,C,15,15,0,0,0,0,0,119.41666666670777,7
abyss,h3_beastfang,A,15,15,0,0,0,0,0,94.80833333335485,2
abyss,h3_beastfang,C,15,15,0,0,0,0,0,133.70000000004273,1
abyss,h3_dragoon,A,15,15,0,0,0,0,0,171.8333333333414,3
abyss,h3_dragoon,C,15,15,0,0,0,0,0,148.55000000002923,4
celestial,hunter,A,15,15,0,0,0,0,0,79.95833333334303,3
celestial,hunter,C,15,15,0,0,0,0,0,120.19166666670839,6
celestial,pyro,A,15,15,0,0,0,0,0,118.70000000004053,1
celestial,pyro,C,15,15,0,0,0,0,0,107.12500000003132,1
celestial,guardian,A,15,14,1,1,0,0.07142857142857142,0.06666666666666667,130.12916666671072,7.5
celestial,guardian,C,15,15,0,0,0,0,0,142.40000000003482,6
celestial,ranger,A,15,15,0,0,0,0,0,98.8416666666914,5
celestial,ranger,C,15,14,1,1,0,0.07142857142857142,0.06666666666666667,103.09583333336144,6
celestial,stormcaller,A,15,15,1,0,0,0.06666666666666667,0.06666666666666667,116.00833333337172,6
celestial,stormcaller,C,15,15,0,0,0,0,0,119.90833333337483,7
celestial,shadow,A,15,15,0,0,0,0,0,132.6500000000437,2
celestial,shadow,C,15,15,0,0,0,0,0,101.26666666669333,2
celestial,g_vanguard,A,15,15,0,0,0,0,0,161.73333333335057,7
celestial,g_vanguard,C,15,15,0,0,0,0,0,185.6583333333288,5
celestial,g_arcanist,A,15,15,0,0,0,0,0,83.5583333333459,2
celestial,g_arcanist,C,15,15,0,0,0,0,0,98.73333333335798,3
celestial,g_ranger,A,15,15,0,0,0,0,0,87.26666666668218,4
celestial,g_ranger,C,15,15,0,0,0,0,0,78.44166666667516,4
celestial,g_warden,A,15,15,0,0,0,0,0,124.7833333333787,3
celestial,g_warden,C,15,14,0,1,0,0,0,133.91250000004254,2
celestial,g_revenant,A,15,13,1,2,0,0.07692307692307693,0.06666666666666667,125.29166666671244,5
celestial,g_revenant,C,15,15,0,0,0,0,0,114.41666666670379,6
celestial,g_stormcaller,A,15,15,0,0,0,0,0,107.20000000003138,6
celestial,g_stormcaller,C,15,15,0,0,0,0,0,92.1500000000194,6
celestial,h4_paladin,A,15,13,0,2,0,0,0,156.8250000000217,10
celestial,h4_paladin,C,15,15,0,0,0,0,0,202.29166666664702,10
celestial,h4_chronomancer,A,15,15,0,0,0,0,0,97.90000000002398,4
celestial,h4_chronomancer,C,15,15,0,0,0,0,0,96.85000000002314,4
celestial,h4_puppeteer,A,15,15,0,0,0,0,0,114.00000000003679,5
celestial,h4_puppeteer,C,15,15,0,0,0,0,0,84.5583333333467,2
celestial,h4_gravekeeper,A,15,14,0,1,0,0,0,165.2666666666807,2.5
celestial,h4_gravekeeper,C,15,15,0,0,0,0,0,140.50000000003655,2
celestial,h4_starcaller,A,15,15,0,0,0,0,0,103.7416666666953,2
celestial,h4_starcaller,C,15,15,1,0,0,0.06666666666666667,0.06666666666666667,126.46666666671338,6
celestial,h4_bladedancer,A,15,15,0,0,0,0,0,95.32500000002193,2
celestial,h4_bladedancer,C,15,15,0,0,0,0,0,110.38333333336725,2
celestial,h2_duelist,A,15,15,0,0,0,0,0,96.6333333333563,1
celestial,h2_duelist,C,15,15,0,0,0,0,0,95.80833333335565,3
celestial,h2_warlock,A,15,15,0,0,0,0,0,134.40833333337542,6
celestial,h2_warlock,C,15,15,1,0,0,0.06666666666666667,0.06666666666666667,126.10000000004642,6
celestial,h2_trapper,A,15,15,0,0,0,0,0,93.84166666668742,6
celestial,h2_trapper,C,15,15,0,0,0,0,0,71.67500000000311,4
celestial,h2_voidcaller,A,15,15,0,0,0,0,0,106.75833333336436,7
celestial,h2_voidcaller,C,15,15,0,0,0,0,0,102.4500000000276,7
celestial,h2_warder,A,15,15,1,0,0,0.06666666666666667,0.06666666666666667,141.6166666667022,8
celestial,h2_warder,C,15,15,0,0,0,0,0,124.40833333337841,4
celestial,h3_spearmaiden,A,15,15,0,0,0,0,0,116.00833333337172,1
celestial,h3_spearmaiden,C,15,15,0,0,0,0,0,103.76666666669531,3
celestial,h3_plague,A,15,15,1,0,0,0.06666666666666667,0.06666666666666667,97.14166666669004,4
celestial,h3_plague,C,15,15,0,0,0,0,0,116.63333333337222,4
celestial,h3_beastfang,A,15,15,0,0,0,0,0,124.71666666671199,1
celestial,h3_beastfang,C,15,15,0,0,0,0,0,101.97500000002722,2
celestial,h3_dragoon,A,15,15,0,0,0,0,0,132.02500000004426,6
celestial,h3_dragoon,C,15,15,0,0,0,0,0,111.73333333336832,4
